[{"id":"QmYcJbm1GYhcacvXMSAzdywsiYPvFrSwBXWZ8CuQQj57gX","level":"arya"},{"id":"QmXWN3rFTx9nxxYJZiQTtQsP7x83Mxgip82qhofasVtE4a","level":"bran"},{"id":"QmQNR7LxrqjQ8BxYukLTma2HDXtjZQ3uKAichshR2hxkXv","level":"bronn"},{"id":"QmbbDpMwe5DcyDBHFuGhaWwfxSfWeUCmf9TcFhTH6LPuTo","level":"brienne"},{"id":"QmY8VJy8Wxv1YUFYzsJUcFYDYwtixjtgM4A6nDs1pigP8k","level":"cersei"},{"id":"QmUXfrujvgikJDUcogYUkjzb1D6iL1pMjLGdqyxttH6k2N","level":"daenerys"},{"id":"QmYk6Bg9VBxM1ru94sexNKqhdAiJWS4Z49BKxP5GDAmG76","level":"davos"},{"id":"QmX3v5E8wZW3T9v9oXCt44tS7yZAS5hMVcG2f9vqM9Y9h3","level":"ellaria"},{"id":"QmZ3YVSRsomH1jZd6o1dhbuLsyWcUEZBm2Nu9S9TUL3Evc","level":"eddard"},{"id":"QmeksVcEgzVp6s84sQHasApsrZrM9J8fgNtADpz44cBNLD","level":"gilly"},{"id":"QmcNtNmhiakAqr9gQ5zAfdtxQ3hRAnc1qEENdh6EiMkfK9","level":"gendry"},{"id":"QmRM4NHTgSUax6dR4ki62MFPpUqApAhvepAAgZgMSniQ8c","level":"hotPie"},{"id":"QmPdawaHzD7vv48PEpigneMMU1BVeoVNCiLr9F7QReRR4u","level":"hodor"},{"id":"QmZ6MNFzi1ioVwczjiDswcRV6NJa8W53sb4oHgYSMC3hr4","level":"jaime"},{"id":"Qmbejw4Uf1Com5VgAZcdDMjicF1NRDdXXeJzjuZrFA4Wxk","level":"jaqen"},{"id":"QmVBiz9SEE4PBEWm1Ye2BFadXK1aDjNnxQzZ5EkGYSynxP","level":"jeor"},{"id":"QmarPRHraLE8B8N1dpSiH2JJ5tM7rTtE4hJiMkLAaRzjpf","level":"jorah"},{"id":"QmbN3LvF6zrYVjLG8ebk26kbgx5a5ywdL1gQveSG4o2wMX","level":"jonsnow"},{"id":"QmddBxS8ACT8jx4PaE5PP1qUZohGnxg4xjgBAkLQHmGrxu","level":"melisandre"},{"id":"QmcsKnvgAp9F2yXZ5ZuvujrypQGyGRg4AANmYuofrHnMry","level":"missandei"},{"id":"QmTUeVbZ2FSA7SW6zMZM1xTkUXjcFaNCN2pKmHiz1CEvhL","level":"margaery"},{"id":"Qmd2c5eAFoP1qWXNxPtNupxikzBovdvHVjhrqcRaAxXaMm","level":"petyr"},{"id":"QmSqWymvGrhSuEGYdQMJkcpm7MNuzncz8KXh6eD3HTJBTn","level":"ramsay"},{"id":"QmVjiJJ1tctzqfttQy5jEhmXEpjfnZAFDhpwbsohfYRwck","level":"sandor"},{"id":"QmNUs1gecuQkCibLXmQePzmSEYdk7RGf2fHmqwJPxN49Sa","level":"samwell"},{"id":"Qma3fehkJRHBHPVBEGCDh1vHjG3icA212xXhFPvBvNV9Rf","level":"shae"},{"id":"QmaMnp5vbRRWHR8DUNSL65FWiuoKsqEzLVvnFb4myJCYKg","level":"torwund"},{"id":"QmYQv31RNxSrEkcGXFfBKuY57hxao3wEiwLjGjVrcm7Qjf","level":"talisa"},{"id":"QmSjTzFPqQgpbCfCYRwGmfwFEBD8ShPRQrSWndGpY6t9sy","level":"tyrion"},{"id":"QmNQJPeKVzwVBRHvxAyRSfTQazx6wAFNw6ks3Mz2HfAWEt","level":"theon"},{"id":"QmZYXoD2ZUzfi7V6Lqo4iSqfpSX5jtHt4Zw8u5f3Zs4qnT","level":"tywin"},{"id":"QmeC5WExmW8R3DQxX8Fc4sVKGMSQNtmHmAwN4qKKMTDeuE","level":"varys"},{"id":"QmVonk7qRPgyC6z2JwDxMdABCk4uYKTkggiC26Pdyt54Z9","level":"viserys"},{"id":"QmWAh2Wzo4pf1dSF8Yxzn9NE2ejEUi17Qz9jrvgct9LinP","level":"ygritte"},{"id":"QmZiLiAeQoWWQmGfBRkhoCPAWLuGyqmEirXZPjD5r8hgQE","level":"dispatcher"}]
